Arrival-time,service
0.4,0.665110618872781
1.6,0.97315946019256
2.1,0.256701573322869
3.8,0.933581045012924
4,0.812866440260766
5.6,0.774804014209481
5.8,0.441663127697898
7.2,0.824312809351672
